{
    "reversed": {
        "perplexity":  4.2070,
        "K": {
            "1": 10.442311,
            "2": 3.460938,
            "4": 2.124371,
            "8": 1.044257,
            "16": 0.762031,
            "32": 0.430497,
            "64": 0.143339
        }
    },
    "char_dp": {
        "0.00": {
            "perplexity": 4.2054,
            "K": {
                "1": 13.187338,
                "2": 10.115299,
                "4": 7.059900,
                "8": 4.591790,
                "16": 3.159994,
                "32": 2.431470,
                "64": 1.898617
            }
        },
        "0.02": {
            "perplexity": 4.3003,
            "K": {
                "1": 7.462624,
                "2": 3.960827,
                "4": 2.121562,
                "8": 1.802049,
                "16": 1.175337,
                "32": 1.047766,
                "64": 0.693748
            }
        },
        "0.04": {
            "perplexity": 4.4973,
            "K": {
                "1": 4.902699,
                "2": 2.031213,
                "4": 2.042577,
                "8": 0.981455,
                "16": 1.078909,
                "32": 1.320071,
                "64": 1.875479
            }
        },
        "0.06": {
            "perplexity": 4.583515381402123,
            "K": {
                "1": 4.508569,
                "2": 2.778727,
                "4": 1.920756,
                "8": 0.961042,
                "16": 0.861297,
                "32": 1.206265,
                "64": 1.070060
            }
        },
        "0.08": {
            "perplexity": 4.675472693092149,
            "K": {
                "1": 3.853353,
                "2": 2.551397,
                "4": 1.279448,
                "8": 1.027058,
                "16": 0.944215,
                "32": 0.914901,
                "64": 1.216192
            }
        }
    },
    "token": {
        "0.00": {
            "perplexity": 8.7243,
            "K": {
                "1": 13.892507,
                "2": 11.325738,
                "4": 8.082247,
                "8": 5.832746,
                "16": 3.986498,
                "32": 2.478718,
                "64": 1.945655
            }
        },
        "0.02": {
            "perplexity": 8.7708,
            "K": {
                "1": 14.445338,
                "2": 11.062372,
                "4": 8.524431,
                "8": 6.186666,
                "16": 4.295311,
                "32": 2.737304,
                "64": 1.652534
            }
        },
        "0.04": {
            "perplexity": 8.8482,
            "K": {
                "1": 13.967089,
                "2": 10.902998,
                "4": 7.589385,
                "8": 5.407573,
                "16": 3.455442,
                "32": 2.351154,
                "64": 1.900250
            }
        },
        "0.06": {
            "perplexity": 9.016761021849106,
            "K": {
                "1": 13.366009,
                "2": 10.356287,
                "4": 7.398293,
                "8": 5.778118,
                "16": 3.762377,
                "32": 2.372448,
                "64": 1.495334
            }
        },
        "0.08": {
            "perplexity": 9.17330960190743,
            "K": {
                "1": 13.885256,
                "2": 10.764033,
                "4": 7.875052,
                "8": 6.134081,
                "16": 3.655762,
                "32": 3.031957,
                "64": 1.708720
            }
        }
    }
}